<application>
  <component name="FileTypeManager" version="17">
    <extensionMap>
      <mapping ext="dockerfile" type="Dockerfile" />
      <mapping pattern="game_data8_fmt2.json" type="Native" />
      <mapping pattern=".ljvwz.com" type="PLAIN_TEXT" />
      <mapping pattern="gNaQ2rPyLGu8mjzfXPefcuCz0O8h1EDC" type="PLAIN_TEXT" />
      <mapping pattern="reflesh" type="PLAIN_TEXT" />
      <mapping pattern="JrUBMtQ7pVSxULCUGFhcnFqQ7Zz1OoWk" type="PLAIN_TEXT" />
      <mapping pattern=".klunf.com" type="PLAIN_TEXT" />
      <mapping pattern=".shucong.com" type="PLAIN_TEXT" />
      <mapping pattern=".ziread.cn" type="PLAIN_TEXT" />
      <mapping pattern="header" type="PLAIN_TEXT" />
      <mapping pattern="youshuge" type="PLAIN_TEXT" />
      <mapping pattern="cookie" type="PLAIN_TEXT" />
      <mapping pattern=".tuishuxiaoshuo.com" type="PLAIN_TEXT" />
      <mapping pattern="data" type="PLAIN_TEXT" />
      <mapping pattern="添加schemas" type="PLAIN_TEXT" />
      <mapping pattern=".818tu.com" type="PLAIN_TEXT" />
      <mapping pattern="123456" type="PLAIN_TEXT" />
      <mapping pattern="go.mod" type="PLAIN_TEXT" />
      <mapping pattern="WER1vHerc4fls7UrhyQYwREhGZgoUbW8" type="PLAIN_TEXT" />
      <mapping pattern="ccc" type="PLAIN_TEXT" />
      <mapping pattern=".baozoukanshu.com" type="PLAIN_TEXT" />
      <mapping ext="com" type="PLAIN_TEXT" />
      <mapping ext="list" type="PLAIN_TEXT" />
    </extensionMap>
  </component>
</application>